bid,food_class,food_type,location_x,location_y,num_reviews
0,Asian,Japanese,2.5312408840758795,11.317369500500567,350
1,Asian,Korean,2.846354526744878,9.923033284329772,297
2,Asian,Japanese,2.8843027707265443,10.66899232977484,277
3,Asian,Korean,3.165777645252266,10.893567064818157,286
4,Asian,Thai,2.3887308149052937,10.977556110853119,258
5,Asian,Korean,2.4994659241374726,10.205423183576306,273
6,Asian,Thai,3.4272800907400467,11.382462245357216,380
7,Asian,Japanese,3.0316136176089588,9.0773329089562,394
8,Asian,Korean,3.744558725663321,9.898325168428133,475
9,Asian,Japanese,3.0542746648508325,9.639452400920224,450
10,Asian,Korean,1.9232979464257913,9.994600125634433,274
11,Asian,French,2.0532264021765023,10.532228984163833,246
12,Asian,Thai,3.1087648537619312,9.170182164875106,407
13,Asian,Japanese,2.2746605897722194,9.468504871857883,250
14,Asian,Chinese,3.2707516074722562,11.049506098972188,341
15,Asian,Chinese,2.794859935909075,10.691172346026312,282
16,Asian,Japanese,2.574296711215488,11.037503172840799,251
17,Asian,Chinese,2.302846271997265,10.4994937597813,265
18,Asian,Korean,2.6358820119007893,10.778320540255164,262
19,Asian,Japanese,2.411791212897215,10.477453368033864,254
20,Asian,Japanese,3.2412971760893488,10.083741819967392,345
21,Asian,Spanish,2.7756442815956803,10.195756384077017,258
22,Asian,Japanese,3.0407580966271035,9.053599920880487,370
23,Asian,Thai,2.9696500969039668,10.874952950319528,301
24,Asian,Korean,3.5213628380940993,9.470157312335497,606
25,Asian,Japanese,2.9919795086977614,9.751604149054483,347
26,Asian,Japanese,3.778340279915022,11.661451881359762,402
27,Asian,Japanese,2.5095837360280338,9.813923177786418,286
28,Asian,Korean,1.790672616554786,9.833651498861988,274
29,Asian,Korean,2.502755931522696,9.659868236347563,280
30,Asian,French,3.1215787879707735,11.170955967999948,301
31,Asian,Japanese,2.629699178896858,10.534782185712864,287
32,Asian,American,1.7863656290643577,9.982918634574856,262
33,Asian,Italian,2.007625542127018,10.511216788426383,259
34,Asian,French,4.993198036060274,10.323788328122399,634
35,Asian,Japanese,2.4179034588329893,10.792241291342725,247
36,Asian,Korean,3.2713871227046134,10.639202388297505,307
37,Asian,Korean,2.62717381266272,10.215707005445873,342
38,Asian,Chinese,0.7807282469944692,10.3179937437335,328
39,Asian,Korean,1.585455795082439,10.443023530096783,261
40,Asian,Thai,3.381134768631508,10.438751660478566,344
41,Asian,Japanese,2.551485280136508,9.751426687532469,289
42,Asian,Japanese,2.8987253700709212,9.849078163184851,316
43,Asian,Korean,2.2748610319807776,10.682290188690263,272
44,Asian,American,2.7719123330501256,10.888217570268681,282
45,Asian,Japanese,2.3568742213655645,10.453661339672276,272
46,Asian,Japanese,2.5399002254452268,10.242500516275356,289
47,Asian,Chinese,2.8764262151911826,11.007817675299444,272
48,Asian,Chinese,2.3087667986503715,10.76944656077006,267
49,Asian,French,3.48016895927107,11.314267059753423,334
50,Asian,Korean,2.804005953779604,9.849086080639765,286
51,Asian,French,2.4539382557472957,10.393908262343922,282
52,Asian,Thai,2.115505819138806,10.845066087773864,292
53,Asian,Chinese,2.793873762588459,10.265859909702629,302
54,Asian,Korean,3.4387027083516397,11.175258901697038,347
55,Asian,French,3.261795378849887,9.743478095913563,347
56,Asian,Thai,3.106470477832149,10.294899431495388,331
57,Asian,Chinese,3.0501912304137835,10.910059758070412,298
58,Asian,Korean,1.898480216772525,11.29690994441474,305
59,Asian,Thai,2.3899366046535224,9.284913496513246,296
60,Asian,Chinese,1.06289147554804,10.086955674783077,316
61,Asian,Thai,1.7368464295563246,9.855708281529061,305
62,Asian,Spanish,2.8610529987821827,10.075625146156876,340
63,Asian,Chinese,1.3667480270439878,10.014683195694928,313
64,Asian,Korean,2.0548648410502937,11.943423166320532,486
65,Asian,American,2.781313339089839,10.395040167955008,288
66,Asian,Japanese,2.5430483826997263,9.956584291921763,284
67,Asian,Thai,4.40492254061958,8.255004374978583,809
68,Asian,Thai,1.741495010256257,10.715629096602704,264
69,Asian,Japanese,2.470015954252471,9.725064145580907,307
70,Asian,Thai,3.044169270387466,10.651714027114886,290
71,Asian,Japanese,2.0588091110322413,10.375973361671745,226
72,Asian,American,2.5342581647432514,10.296937235427352,284
73,Asian,Thai,2.555264997262329,10.892335807010541,276
74,Asian,Thai,2.6126794165398026,11.611397439379775,387
75,Asian,Japanese,0.7206912800921563,11.366352760093612,480
76,Asian,Chinese,2.060165246415718,10.332163449317411,271
77,Asian,Korean,3.282952901950944,9.788970760814705,368
78,Asian,Korean,2.038094290808609,10.826916097276596,329
79,Asian,Thai,2.4282555688632743,10.199039827960897,336
80,Asian,Japanese,2.7281297839771685,10.566188219120047,266
81,Asian,Chinese,2.088878981721523,11.610976458651185,373
82,Asian,Korean,1.3042193305325975,10.105021974520506,262
83,Asian,Chinese,2.5611459095881006,9.289343298754854,307
84,Asian,Thai,2.7297846447708043,10.24237637651048,276
85,Asian,Spanish,3.4026900812952325,11.305177006979104,355
86,Asian,Thai,3.351062104610025,10.545208000934014,336
87,Asian,Japanese,2.5533247655262623,11.067806557030083,264
88,Asian,American,2.623539052648406,11.119252949945558,270
89,Asian,Korean,1.4926811401284117,10.640116415435434,325
90,Asian,Japanese,2.6308834083447286,10.496027700861587,290
91,Asian,Japanese,1.230375618441118,10.948298672853273,291
92,Asian,Thai,3.814291193977427,11.172917431283292,342
93,Asian,Japanese,3.117396000092553,9.100931137105999,396
94,Asian,Japanese,2.4051906653243864,9.281120430123782,298
95,Asian,Japanese,2.5735264825464066,10.644752232107509,256
96,Asian,Japanese,2.39845842474542,10.145937904902242,293
97,Asian,Japanese,1.9592830484376584,9.756648084876954,334
98,Asian,Thai,3.0678989264038434,9.809003080274028,436
99,Asian,Chinese,1.6990020970939264,10.282987412960184,315
100,Asian,Thai,3.2670567637697645,9.975792233718952,357
101,Asian,Thai,2.05202717496169,11.147614937804192,324
102,Asian,Italian,2.3213421991874967,9.672136834319168,279
103,Asian,Thai,1.8890235781091231,10.374717203387728,350
104,Asian,Chinese,3.0187906895394367,8.323765830284861,591
105,Asian,Japanese,1.8441604381842054,10.748897745156977,258
106,Asian,Spanish,3.007844905552836,10.508272663522412,291
107,Asian,Thai,2.3290885260292806,10.794202591265469,253
108,Asian,Korean,3.0080053091393637,11.815749912824916,449
109,Asian,Italian,3.119593378852941,12.053124137374335,426
110,Asian,American,2.862467776610095,10.512616504256187,302
111,Asian,Spanish,2.232284354648617,10.587787372898978,291
112,Asian,American,3.6438868204617973,10.383008069588172,386
113,Asian,Thai,2.6929278144607633,11.156062838296037,312
114,Asian,Japanese,2.011125412634183,9.373571601544576,538
115,Asian,Spanish,2.9811870879704077,8.997527825353616,379
116,Asian,Chinese,3.488522639041421,10.59617496737169,360
117,Asian,Korean,1.406684902662411,10.121965067124496,307
118,Asian,Chinese,2.3936091484214987,9.584794271237323,307
119,Asian,Chinese,2.6086149290241627,10.834888198584375,279
120,Asian,Korean,1.184847102545815,9.78310591999033,261
121,Asian,Japanese,2.523875134799804,9.977076409274211,267
122,Asian,Thai,3.3089147522052995,11.422354753849508,310
123,Asian,Korean,2.5557618726447853,11.521600475474752,314
124,Asian,Chinese,2.4811786001614022,10.579021497869647,259
125,Asian,Chinese,3.4366789487099454,10.929947004959036,354
126,Asian,Korean,1.6466760844988424,10.796740804666321,294
127,Asian,American,2.2707782548864204,10.84538269969608,293
128,Asian,French,2.812938249417227,10.087031477258627,301
129,Asian,Chinese,2.9643540232985837,9.071953235723987,365
130,Asian,American,2.2602687952855263,10.456444680573474,267
131,Asian,Spanish,2.0828925379841525,10.213210063296593,264
132,Asian,Korean,2.702017066213378,10.203472032744257,255
133,Asian,French,2.601235741517767,9.145201926640661,315
134,Asian,Japanese,2.546471107977235,9.399201550030567,288
135,Asian,Japanese,3.737981751658145,9.85190429292291,468
136,Asian,Chinese,2.6892339141411026,9.48910788182323,292
137,Asian,Chinese,2.981017218208102,9.412034578786503,413
138,Asian,Korean,3.788142357002056,10.433186873788234,399
139,Asian,Chinese,2.0818574947380393,10.521794551604108,301
140,Asian,Japanese,1.5366876324672272,11.034608208558561,290
141,Asian,Chinese,1.4737669923414485,9.85007030716181,281
142,Asian,Japanese,1.4801613432061076,10.02046543336899,404
143,Asian,Chinese,2.532631795138366,8.840028003521486,289
144,Asian,Korean,2.174335460346243,10.12868366441377,275
145,Asian,Thai,1.8531637662530214,10.600512837135048,264
146,Asian,Japanese,3.202017312200181,10.446783600234138,323
147,Asian,Spanish,1.3052811984660468,10.61772636849062,260
148,Asian,Chinese,2.6861064755945447,9.558497621241028,288
149,Asian,Thai,3.2407454638084987,10.522174485123918,288
150,Asian,Chinese,2.5080027840929104,9.401268219729563,292
151,Asian,Chinese,3.61874360503805,10.536141410190538,335
152,Asian,Chinese,2.437343743828396,9.350065135645819,294
153,Asian,Thai,2.8469369530679063,10.020673743627421,384
154,Asian,Japanese,4.137117151180912,11.207531462915735,402
155,Asian,Chinese,1.0726872615305538,10.795818261721879,310
156,Asian,Thai,2.3499526055952873,10.266144343868786,274
157,Asian,French,2.2653978139020947,9.89035239470586,345
158,Asian,Thai,1.187436226791399,11.049268191256221,346
159,Asian,Thai,2.409739763369675,10.318646598635231,284
160,Asian,Chinese,2.9183892844092245,11.337601091009818,316
161,Asian,Thai,2.966729617495503,10.19136299211481,608
162,Asian,Chinese,2.566373866505763,10.153475145416884,243
163,Asian,Thai,2.296965992680072,11.292017543459632,372
164,Asian,Japanese,2.188453624658445,9.588736558682873,293
165,Asian,French,2.596875409914899,11.046984734797505,285
166,Asian,Chinese,2.5437547915036482,10.030864546415387,284
167,Asian,American,2.9672905803129606,11.074411116968353,261
168,Asian,Japanese,3.533841335552169,10.443291172350781,349
169,Asian,Thai,3.375625769252962,9.614450828935787,416
170,Asian,Japanese,3.191347709900152,11.031282640332456,294
171,Asian,Korean,2.759793411393033,10.61384775731586,271
172,Asian,Japanese,1.3995962616877267,10.103057540687399,292
173,Asian,Japanese,2.342835580229801,10.1589727730591,263
174,Asian,Japanese,2.1743080950553066,10.246413194935108,241
175,Asian,Chinese,2.6061681011908817,10.866607265810885,271
176,Asian,Chinese,2.592666678583584,9.953691729470076,295
177,Asian,Thai,2.685271255787241,11.294460452355956,311
178,Asian,Chinese,2.493366981565834,11.365721901198633,379
179,Asian,Chinese,2.701009335513951,10.816903882644421,264
180,Asian,American,2.914341039672163,9.408974865455862,324
181,Asian,Chinese,2.7670039220367983,9.395121111950047,359
182,Asian,Japanese,2.6312600319715953,11.0153045642776,249
183,Asian,Thai,2.5406878266943327,10.648973678850725,246
184,Asian,Thai,2.345431665024499,10.372038523709561,250
185,Asian,Japanese,3.09374385098467,10.692572041020188,319
186,Asian,Korean,1.8387371818465796,9.021457367500242,277
187,Asian,Chinese,1.3148936026607532,9.684352158774994,295
188,Asian,Japanese,2.4209378348587713,9.530844928492256,281
189,Asian,Japanese,3.1918985310656227,10.116213068853382,376
190,Asian,Japanese,1.7870637888980034,11.462519175245196,344
191,Asian,Japanese,3.4624495701685234,9.194263954158634,493
192,Asian,Chinese,2.9686512243157233,10.157075929362529,395
193,Asian,Japanese,3.39820675418307,10.686259863750216,320
194,Asian,Chinese,2.3157271427976913,11.499218314784203,498
195,American,American,2.3534617297423672,2.3470273488156344,189
196,American,American,2.2535050887071084,2.2537688623086423,192
197,American,American,2.5569583961381017,2.1669191271445847,204
198,American,American,2.2281632462774046,2.2459597731062293,171
199,American,American,2.3340817639494094,2.318741139029637,178
200,American,Chinese,2.2907159772125754,2.1779320693917485,202
201,American,American,2.4401059780692425,2.2250179054370585,206
202,American,Italian,2.414372411783769,1.8527764257799335,169
203,American,American,1.856772975808087,2.4194397304328086,194
204,American,American,2.375684624483469,2.1898133307161936,204
205,American,American,2.3078433173426096,1.8215062368282835,166
206,American,American,2.309714686959666,2.6594738979430375,181
207,American,Thai,2.333090867266899,2.3050142319344626,187
208,American,American,2.454548524005374,2.261890037246917,168
209,American,French,2.6381222002076123,1.9437289550706895,168
210,American,Italian,2.282226558928485,2.18223141192895,196
211,American,Japanese,2.505176652554826,2.7159284191652335,240
212,American,American,2.6397072315493446,2.354354076989832,205
213,American,American,2.6692882229595307,2.4874923933811575,240
214,American,American,2.2257988593825213,2.4847226376995923,198
215,American,Spanish,2.016235823578125,2.35764857758164,194
216,American,American,2.6478755019467553,2.539301312329043,199
217,American,American,2.360418160595009,2.4027520980914376,191
218,American,American,2.58191845234234,2.3853607086586868,196
219,American,American,2.405716885964704,2.4589607830622113,199
220,American,American,2.0624788135109613,1.6796169426314187,178
221,American,American,2.105452380677,2.3146928026286915,188
222,American,American,2.184766383642615,2.2803818146687393,181
223,American,American,2.2117115146956006,1.9677861007924708,182
224,American,American,2.569673747319164,2.548989864135096,198
225,American,American,2.4559580062755506,1.9340321798303304,174
226,American,American,2.12290789049331,2.4408850063090175,202
227,American,American,1.7665557672407863,2.151157565229103,225
228,American,Chinese,2.415881924873441,2.6814409688301977,218
229,American,American,2.477340368825648,1.7948439707068133,195
230,American,French,2.2827409341542895,2.0936342589655483,185
231,American,American,2.0983754845795457,2.366067833374474,189
232,American,Spanish,2.3854125790166125,2.487315308785334,199
233,American,American,2.075932167900993,2.2838780823169778,196
234,American,French,2.3728069739680144,2.378973964568108,187
235,American,American,2.518494245053727,2.1597694569823176,191
236,American,American,2.071524546115397,2.591201866942171,201
237,American,American,2.386189598314613,2.3860374327727967,177
238,American,American,2.4042587346953743,2.3379136225586894,171
239,American,American,2.462816697118212,2.1322485908541444,178
240,American,American,2.2582847540132795,2.178646422840342,233
241,American,American,2.080292012063392,2.0951032565905967,181
242,American,American,2.2669363291290265,2.230158567853987,159
243,American,American,2.3790010344189323,2.3566251489796253,188
244,American,American,2.32196181802773,2.170057249174628,180
245,American,Italian,2.377135757495129,2.341349589312394,191
246,American,American,2.872349958141502,2.0661083254916663,200
247,American,American,2.074351981012351,2.145482027235813,206
248,American,American,2.031613768627,2.3515391046133427,193
249,American,American,2.358837609626934,1.968437956419579,198
250,American,American,2.537193464117509,2.028545066706554,195
251,American,American,2.5178436729826212,2.0617786093465447,187
252,American,Italian,1.8687819838018174,2.295384833511163,214
253,American,Italian,2.1048043222527557,2.283451392124664,189
254,American,Spanish,2.465141838679783,1.9465538605773514,176
255,American,American,2.07596184139222,2.1669247661843216,188
256,American,Korean,2.289982994735937,2.3362624631821935,261
257,American,American,2.2166512457020167,2.1769254488013727,190
258,American,Spanish,1.9432535219901008,2.394580190024145,190
259,American,American,2.316756030723374,2.0203311754280047,170
260,American,American,2.516517953032369,2.135066244019636,179
261,American,American,2.550287483067314,2.287408712985382,182
262,American,Italian,2.7882061352414755,1.8987442485295916,187
263,American,Korean,2.0806540149039927,2.6049995625537736,182
264,American,American,2.5157133320958076,2.316526364499674,189
265,American,Italian,2.248935105450389,2.36460018273484,193
266,American,American,2.3776246892375137,2.4841079341486783,208
267,American,American,1.740818598911839,2.3456531023351883,187
268,American,Korean,2.6830452625399666,2.5102364534583144,193
269,American,American,2.117444786164199,2.200395534905303,200
270,American,American,2.275072179283298,1.912217552197864,211
271,American,American,2.2683777483100753,2.1114271246027037,177
272,American,American,2.664034539310131,1.8636039050155593,206
273,American,American,2.399805839186929,1.7490965988833476,166
274,American,American,2.371444033654461,2.289991413321293,208
275,American,American,2.156077413968406,2.4385803663810948,198
276,American,American,2.4774773940332233,2.14865343049263,174
277,American,American,2.153868836114844,2.0604568374615697,171
278,American,American,2.1202709895427283,2.1314581179972443,197
279,American,Spanish,2.334104189121477,2.2642985380493346,175
280,American,American,2.4535830310024247,2.6906304964693013,208
281,American,American,2.5497928374895262,2.139135746774119,195
282,American,American,2.576324746537923,2.3660385246504094,212
283,American,American,2.0931442655202,1.76146330732101,190
284,American,Chinese,2.090981393632746,1.9294822874652282,197
285,American,American,2.3036851218936314,2.728254244688848,208
286,American,American,2.135390741253959,2.100861404883686,176
287,American,American,2.407302210806366,2.404600529873752,185
288,American,American,2.0819627533951692,2.2595950367510995,172
289,American,Thai,2.429207749795028,2.427916343956157,177
290,American,American,2.3799190030852198,2.1028471824545156,160
291,American,Thai,2.426697919186069,2.3662875853964325,193
292,American,American,2.2500843444596974,2.296143910000484,197
293,American,Chinese,2.075692982418019,2.067322728216991,199
294,American,American,2.091996749647314,2.190318839129978,170
295,American,American,1.9813158117819452,2.025588191712842,178
296,American,French,2.173180209100158,2.3160621431304387,169
297,American,Italian,2.6038762678712564,2.1918148320476347,186
298,American,American,2.245925948025107,2.325079691067149,185
299,American,American,1.9329841953028648,1.8701058296582689,171
300,American,American,2.098051423863902,1.8126774219560366,184
301,American,French,2.1479497770896905,2.2831558247859163,185
302,American,Italian,2.2049667134415043,1.952190915769545,186
303,American,American,2.364427332348014,2.1713488530960547,181
304,American,American,1.9565128010479835,2.2793835249280643,209
305,American,American,1.9944953416079967,2.32430463609004,178
306,American,American,2.2670720038792163,2.137895124579578,166
307,American,American,2.0163096552299864,1.8634473968512901,163
308,American,American,2.136113396613808,1.9213909937454976,170
309,American,American,2.11810398070831,2.2665028339735813,209
310,American,American,2.6006999541597473,1.9538606858959047,195
311,American,American,2.3093578125210232,2.011784786893564,189
312,American,American,2.0579779460530676,2.156455818586374,190
313,American,American,2.462741307318793,2.0467352361314264,193
314,American,American,2.174845219765652,1.7598336827437433,180
315,American,Korean,1.9113485964796104,1.9428158896216217,187
316,American,American,2.8895064993731765,2.376682091256148,246
317,American,Thai,2.0542896718189896,2.1230085993686707,210
318,American,Japanese,2.312569378773473,2.274789357642654,189
319,American,American,2.065361056977991,2.2740866775322774,182
320,American,American,2.2962426835808083,2.261551246035128,185
321,American,Thai,2.3616363842463444,2.4662947359082357,188
322,American,American,2.497858503804932,2.1872721060178972,185
323,American,American,2.527276446920323,2.4210769520508317,184
324,American,American,2.6562779774659933,2.5639930283117756,228
325,American,American,2.426065812270036,2.107409713904097,206
326,American,American,2.0007165697824583,2.045139280274588,176
327,American,American,2.0163191695783844,2.203542441046082,184
328,American,American,2.2093685901008966,2.4326924831772243,177
329,American,French,2.369579246092358,2.252893705907486,168
330,American,American,2.306761526536131,2.5447570638745103,215
331,American,French,2.3459486906947364,2.1713155851553423,180
332,American,Spanish,1.8234240944991154,2.1107801082475826,218
333,American,American,2.3780329726677274,2.2130212881163045,206
334,American,American,2.7390378260705397,2.3306394271529878,206
335,American,Italian,2.0624030317256126,1.7219383438476772,191
336,American,American,2.6308677830883043,2.197878247809278,189
337,American,American,2.4608083982414404,2.1812793361103884,179
338,American,American,2.0624711837987957,2.3514948624787646,170
339,American,American,2.9765286311827146,2.0352285386305637,219
340,American,Chinese,1.752919434606198,2.217665703501116,258
341,American,American,2.7523484623421455,2.3479387529786075,193
342,American,American,2.448841440651735,2.3025581177761274,201
343,American,American,1.749408412716147,2.2625446050450444,253
344,American,American,2.1444397728642235,1.9952298710615015,257
345,American,American,2.8061558198510577,2.1951291082400672,212
346,American,American,2.474729903837761,2.028051509872028,184
347,American,American,2.5946613378948915,2.066735006137496,184
348,American,American,2.544360240292461,2.2891308571937157,185
349,American,American,2.2635556252618665,2.4995728008006446,188
350,American,American,2.3010452585502965,2.46542459440655,211
351,American,American,2.2610134099610804,2.0501399287140036,199
352,American,American,2.285624527364408,2.024639490283826,179
353,American,American,2.1552625520116924,2.0621820956707277,178
354,American,Italian,2.8930783206595123,2.0922394297130014,233
355,American,American,2.6994156769717987,2.1395802792764913,189
356,American,American,2.4122078741665764,2.159626288285991,211
357,American,American,2.1901000445157384,2.203320744854714,192
358,American,Italian,2.157749917550953,2.1640104371935847,187
359,American,American,2.5311985220272337,2.3380234959970734,179
360,American,American,2.421941415156111,2.159449053277185,179
361,American,French,2.261924519460007,2.021070401310011,186
362,American,American,2.37329707830615,2.2657204091188894,200
363,American,American,2.064097306212002,2.118542628006598,199
364,American,American,1.8512042118085645,2.2876880309449086,212
365,American,French,2.4084145664899568,2.342862947630386,190
366,American,American,2.347049648885078,2.105249848067,189
367,American,American,2.896622445171618,2.1669874488149383,216
368,American,American,2.2370721993587175,2.1934697396779033,184
369,American,American,2.465567180509466,2.5086330097483605,186
370,American,American,2.1208253333245404,2.1278982819836463,215
371,American,Japanese,2.5663332555525185,2.122886140676032,177
372,American,American,2.2758490995212606,2.048720416720129,167
373,American,American,2.4654996081410654,1.8517936438340756,192
374,American,American,2.3750307827973214,2.031233270590065,184
375,American,American,2.697996032053922,1.891308390263811,192
376,American,American,2.4163395958534992,2.3459106245553403,191
377,American,Italian,2.6254712945994623,2.136203445506225,173
378,American,American,2.417477513681004,1.9775528966108358,191
379,American,Spanish,2.3987755750656947,1.908011129021307,187
380,American,American,2.5576001559062185,2.2029030458695895,190
381,American,American,2.511754125200031,2.4232204376923576,207
382,American,Italian,2.198967430554659,2.4528207951771597,190
383,American,American,2.2007370975590126,1.980462492291473,184
384,American,American,1.959413904628374,1.8487463386288225,169
385,American,Spanish,2.4026246791505232,2.071282676567512,211
386,American,American,2.7183053399452604,2.223038844626229,188
387,American,American,2.1660285554933143,2.0933389571626773,193
388,American,American,2.300122943724171,2.0852217445898664,159
389,American,American,2.43928275030028,2.2834327754632855,190
390,American,American,2.007410967386749,2.065578270063303,190
391,American,American,2.341653399280885,2.1671881596155576,187
392,American,American,2.0629521712978875,2.400069059997884,193
393,American,American,2.4640295507593133,2.071067420674329,191
394,American,American,2.2569029972596937,2.0836488463832543,175
395,American,American,2.0201719021791846,2.314358574023239,200
396,American,American,2.4034813060623392,2.3235107120141527,183
397,American,Spanish,2.635931518285446,2.4083619173444935,204
398,American,American,2.289432425017423,2.049549473572433,194
399,American,American,2.457523049486064,2.2385262680590983,178
400,American,American,2.062625075768522,2.0356208401144316,178
401,American,Italian,2.4470624766845877,2.43263957329677,172
402,American,American,2.456486234392212,2.0526782733061566,198
403,American,American,2.352740596157159,2.1576926928580247,203
404,American,American,2.631342136867765,2.4511231024829825,191
405,American,Chinese,2.366102120113879,2.2366465794381303,175
406,American,American,2.2017827441036038,2.4858033220766695,192
407,American,Italian,2.2293843719725936,2.2767745445309804,203
408,American,French,2.184859109213925,2.412199322155894,202
409,American,American,2.4767506524253475,2.1374568500370654,171
410,American,Spanish,2.344541740435154,1.9642854481951402,191
411,American,American,2.2531004340316803,2.2611369517090263,197
412,American,Japanese,2.543447419883435,2.0311263071374426,190
413,American,American,2.4537680586098656,1.9011750284462188,153
414,American,American,2.2661955606939492,2.230512374449065,203
415,American,American,2.4100094200465567,2.7271331207439578,196
416,American,American,2.278165795220811,2.2475292417927752,163
417,American,American,2.229583256841258,1.9914846842637939,163
418,American,American,2.4542328961896924,1.8934625959183549,206
419,American,American,2.2980350864713297,1.8657117277621165,193
420,American,American,1.805432617580839,2.2033120796591334,270
421,American,American,2.7053530408618656,2.367508399706219,217
422,American,Chinese,2.2649184278216516,2.5929814837380594,197
423,American,French,2.2787884113448142,1.9524841518410412,178
424,American,American,2.370155476641766,2.24341393118476,177
425,American,American,1.9846913683153902,2.1701078424917357,175
426,American,Italian,2.0894481626080976,2.18273744091564,183
427,American,American,2.1620491909479993,2.152458603290805,175
428,American,Italian,1.9190613325797612,2.3109116732793344,176
429,American,American,2.6866314563534472,2.1715541150561384,219
430,American,American,2.2154590677856896,2.0429394423485214,184
431,American,American,2.419486492817193,2.2009993390792455,192
432,American,American,1.982260283936585,2.3575194179889394,235
433,American,Japanese,2.260989335287472,2.106927729671791,194
434,American,Italian,2.5888400817408126,2.3649183851155673,180
435,American,American,2.1372384303978254,2.1485875358623043,178
436,American,American,2.500510248115786,2.0518825747838805,195
437,American,French,2.554450684595752,2.135361267366874,179
438,American,American,1.962111736176671,1.9595959063782216,222
439,American,American,2.4128485870607452,2.328199050070066,197
440,American,American,2.3599860260303167,2.5037147810256566,201
441,American,Thai,2.2754177259320207,2.241374604060895,189
442,American,American,2.1522509878312577,2.2214809051633617,167
443,American,Chinese,2.4118783972373903,2.2759071898742187,198
444,American,American,2.1999747745404346,2.0234181577828014,175
445,American,American,2.2804994600598345,2.04196675953478,166
446,American,American,2.2455442952332407,2.519135105503452,216
447,American,American,2.717702876873918,2.3540670170045406,214
448,American,Korean,2.362682099372954,2.265454567480568,207
449,American,Korean,2.0217541882668004,2.1898135917527926,175
450,American,American,2.4112935311219954,2.223244963254687,171
451,American,American,2.2711409571802004,2.1024349496579013,188
452,American,American,2.3670023030247296,1.9876713626155573,176
453,American,American,2.554877373287803,2.275401076831405,183
454,American,American,2.203560161571711,2.007102479824373,166
455,American,French,2.7262894544478122,1.8975804839407535,181
456,American,American,2.148760980864046,1.652103259705455,176
457,American,American,2.709156974240043,2.2596837336772833,216
458,American,American,2.0260191522780695,2.679341551124122,225
459,American,American,2.6330817532492206,2.570562756394129,202
460,American,American,2.636469684651404,2.319483280759598,202
461,American,American,2.302334161663563,2.1895284954700633,181
462,American,Italian,2.0549177621421717,2.4000907861242813,184
463,American,Spanish,2.240481915353567,2.074545631431886,181
464,American,American,2.5342718824395853,2.287570018697019,180
465,American,American,2.336309971530506,1.9547865787260912,179
466,American,American,2.459852405840149,2.141407557770795,169
467,American,Italian,2.2775234615046447,2.1256688973072744,172
468,American,Italian,2.108141828486297,2.514246894859155,206
469,American,American,2.1904535712991215,2.4014260337612106,205
470,American,Italian,2.540946373178732,2.378911301621535,181
471,American,American,2.5418242734093277,2.146210617778377,192
472,American,American,2.0616901737347293,1.9133874608153865,179
473,American,Japanese,2.7222044755632235,2.091823138081706,198
474,American,American,2.0404077694726834,2.307854912584633,200
475,American,American,2.0366886625629927,2.1850025134645383,200
476,American,French,2.727166532230054,2.018360460496724,204
477,American,Spanish,2.2156434241279137,2.490329988879894,186
478,American,American,2.0739157926179463,2.3961650913167576,181
479,American,American,2.5791853018944892,2.101001719785746,181
480,American,American,2.4188414556165565,2.0687965858726307,180
481,American,American,1.900585053198827,2.4658021150057854,202
482,American,American,2.6996654494215298,2.06744700937158,217
483,American,American,2.081648525125239,2.072036589012878,186
484,American,Japanese,2.6015134979080843,1.9162533559331605,176
485,American,American,2.1802945155100097,2.216580533179664,205
486,American,Italian,2.3994747957689375,2.055008811460892,205
487,American,Thai,2.0843764465631938,2.2322481455571745,188
488,American,Italian,2.1166053019664055,1.6414983117295106,163
489,American,Italian,2.3795224127920918,2.0705965794747216,179
490,American,American,2.617882862445991,2.4320716238006415,163
491,American,Japanese,2.065108107582416,2.382401470948402,194
492,American,Japanese,2.2292619285252444,2.0345052060386415,178
493,American,American,2.3430176486536043,2.0200727407289265,185
494,American,French,2.1695415845189108,2.4095286876180864,205
495,American,American,1.912274137186968,2.5757976762795405,206
496,American,Italian,2.1905457920111404,2.356044209875008,201
497,American,French,2.4074300124561123,2.2910993146332146,181
498,American,American,2.3011777791598997,2.077427180889375,173
499,American,Spanish,2.710545196631697,2.36586466522061,214
500,American,American,2.6880037246484236,2.3046237566524255,196
501,American,Chinese,2.434642318608421,2.193861041310546,207
502,American,American,2.2251814629958164,2.4823456029331217,190
503,American,Italian,2.3652606676474597,2.006029086243932,170
504,American,American,2.4077468467670897,1.8934984342681056,200
505,American,Thai,2.1544821845503432,2.256193229390637,177
506,American,American,1.896911895745162,2.4311567827134297,211
507,American,Italian,2.2971865704994747,2.3535169082437486,184
508,American,American,2.511347824120893,2.3589949321012287,205
509,American,American,2.7151515387987013,2.0868154137433224,204
510,American,Italian,2.156175133485863,2.3929414565240785,200
511,American,American,2.580196353260428,2.4185847023442966,197
512,American,American,2.1374524455937687,2.075519664345005,176
513,American,American,2.5657332683569454,1.8643260792686958,181
514,American,American,2.198234070926893,2.3192745121447182,187
515,American,Korean,2.2072716286722045,2.2659457792469064,176
516,American,American,2.142237580181062,2.2660694205287517,192
517,American,American,2.440855827838613,2.4238024582219233,211
518,American,American,2.359284674013928,2.015398642046842,186
519,American,American,2.4778935435515925,2.5161534641156593,224
520,American,American,2.359863650384863,2.284691742769576,181
521,American,American,2.12265503278873,2.531655252997502,196
522,American,American,2.399503333924499,2.0677839253193424,193
523,American,French,2.368826216555437,1.75766624564023,164
524,American,American,2.194268210030273,1.9708456401438827,176
525,American,American,2.4879187127692175,2.117754298428953,189
526,American,Korean,2.1952544519163886,1.947281252618212,209
527,American,Italian,2.099874272975691,2.575338641717611,231
528,American,American,2.631330216218427,2.585583884900428,230
529,American,Spanish,2.55402207751551,2.0901999131313445,210
530,American,French,1.8357002801860205,2.100087784164393,234
531,American,American,2.457985117206986,2.6493557289725436,239
532,American,American,2.099364180826302,2.1955999332444365,165
533,American,Italian,2.264322319971759,2.3949125966084703,184
534,American,American,2.0870675304460184,2.3682920777894783,203
535,American,American,2.4904890728819495,2.498647259970993,213
536,American,American,1.8553780722509357,2.004529483363351,198
537,American,American,2.280465387256522,2.6408637094004686,217
538,American,American,2.348379225658182,2.0852876240503107,188
539,American,Italian,2.6606555173990962,1.7327457921807174,204
540,American,American,2.507850662951194,2.1673331091996224,181
541,American,American,2.4282466870344925,2.1524361104513385,220
542,American,Spanish,2.197369276462486,2.4594960406367603,163
543,American,American,2.20007095402302,2.2513406426821287,193
544,American,French,2.1507743127332533,2.1139423560821045,194
545,American,American,2.230296204630129,2.452618730367304,176
546,American,American,2.7803354008104333,2.289175389239374,192
547,American,Italian,2.2093849333468367,2.6972085267499555,176
548,American,American,2.087572508549954,2.0578122833507497,164
549,American,American,2.3461131590647932,2.4527085186813684,180
550,American,American,2.5922918685627456,2.310026309638492,181
551,American,Italian,2.4873727526846645,1.9428558000378158,202
552,American,Italian,2.1972614151713135,2.009064954618729,177
553,American,American,2.5729508899960214,2.739939677706434,219
554,American,American,1.9926572471700246,2.336294831777624,199
555,American,Japanese,2.20520534105495,2.509250975137923,241
556,American,American,1.906141769654958,1.9572793236436512,168
557,American,Italian,2.8040591397740293,2.0740065552583045,199
558,American,American,2.728928286229485,2.4585975813826044,193
559,American,American,1.9036378632312578,2.30939343593774,213
560,American,American,2.447197393933823,1.9532377148572464,180
561,American,American,2.452148937925009,2.1466439006282694,179
562,American,American,2.3182163521186183,2.2922126870475994,183
563,American,French,2.216681656902989,2.2667132279982742,215
564,American,American,2.0233198046442658,2.0909999074454784,163
565,American,American,2.0925429928800368,2.509608232590127,192
566,American,Korean,2.146035714078257,2.334494627154694,204
567,American,American,2.152123785775004,2.2266304958880396,181
568,American,American,2.079667590394322,1.9353656867850082,216
569,American,American,2.104874430447696,2.261023438114649,193
570,American,American,1.9855684804882807,2.250796823004644,223
571,American,American,2.4629477268621867,2.099174442452241,213
572,American,American,2.4585274760773688,1.8782629143995666,185
573,American,American,2.446575333325114,2.1804275317760142,182
574,American,American,2.1484889227537356,2.1039731242751216,209
575,American,American,2.540790345010359,2.540365411232123,206
576,American,American,2.0117762532991295,2.8234646135566104,223
577,American,American,2.2071880159625135,1.9041036305918126,191
578,American,French,2.210205474301261,2.1124913256493074,170
579,American,American,2.500764062097143,1.921832525586975,215
580,American,Thai,2.244161656288545,2.3253023806346356,203
581,American,Chinese,2.688560145675846,2.2430528581646567,201
582,American,Spanish,2.4508210911314516,2.1370530444657714,196
583,American,Italian,2.479116637308418,2.373054518308169,186
584,American,American,2.1541697040090297,2.2652028677843408,204
585,American,French,1.9701933498895383,2.483827134947626,201
586,American,American,2.668199748258159,2.416565799234269,183
587,American,Chinese,2.4597551022684314,2.8617357005932855,237
588,American,American,1.8845991863634166,1.9976312778840093,218
589,American,American,2.3007785041154705,2.477334941613616,189
590,American,Italian,2.4602252654018817,2.3355203024317914,178
591,American,American,2.253381245354645,2.13774078850567,195
592,American,Spanish,2.421556026816381,2.1891961279681085,198
593,American,American,2.2935987624084038,2.0206684845613454,188
594,American,American,2.2171026314611866,2.2854231069092252,196
595,American,French,2.5692016832445934,2.1909279439630462,185
596,American,Italian,2.350130476616047,2.05918004078491,217
597,American,American,2.3407847937118413,2.1207584637190133,189
598,American,American,2.085182691191274,2.391889322858635,192
599,American,Thai,1.8430694524091418,2.3329773026247946,222
600,American,American,1.8411316720040807,2.2875907913768696,211
601,American,Italian,2.363877978584685,2.1703570810887873,169
602,American,American,2.011251078916471,2.0285023424321937,164
603,American,American,2.160942175614968,2.004866105039205,180
604,American,Thai,1.9997708242458347,2.3394119173809753,196
605,American,American,2.5474221958044465,1.9580809907532932,190
606,American,American,2.250523856882328,2.0513822242188287,199
607,American,American,2.3910010922349736,2.027119751832791,181
608,American,Italian,2.359954110534216,2.225894170298741,188
609,American,American,2.6979233629899064,2.347927722653258,180
610,American,Italian,2.0884499031830415,2.1892414396398157,159
611,American,American,2.2638764774687763,1.8819646109398478,171
612,American,American,2.2715929581341827,2.4921027021571103,201
613,American,American,1.7096479352702603,2.175834574971441,266
614,American,American,2.4085349387345762,1.9728388776934578,166
615,American,Italian,2.421838068062918,2.0854705940470906,165
616,American,American,2.279274812638692,2.043242418692875,197
617,American,American,2.6436963214348443,1.8552913406659641,198
618,American,American,2.365007306554077,2.3497489302724035,186
619,American,American,2.3140217243060444,2.2831368766220326,166
620,American,Chinese,2.3732865623104833,2.149341525560014,192
621,American,American,2.4538229271165335,2.2422295111226394,195
622,American,American,2.119403782746194,2.248486990249072,201
623,American,Italian,2.3600035913078514,2.4719122248415104,195
624,American,Italian,2.2026273115712116,2.3227780635450523,171
625,American,Thai,2.2095520764518755,1.8463369338291136,191
626,American,American,2.124543985704217,2.4484258002344617,189
627,American,American,2.0946484094819446,2.334751448503369,182
628,American,Italian,2.1161339856274664,2.3573266474550607,172
629,American,Spanish,1.9762841192614233,1.8603038008617243,172
630,American,American,2.239681353576209,2.3625626760337286,206
631,American,American,2.4072274179725657,2.1419352758957566,216
632,American,Spanish,2.203770108861971,2.2114172192532897,186
633,American,Italian,2.4258885346382075,2.0495995453195293,186
634,American,American,2.3335934143602888,2.3133574437307445,192
635,American,French,2.1966153573348834,2.395700724162354,214
636,American,Spanish,2.3156644799370647,1.8859668642270373,173
637,American,French,2.1154417861132364,2.601362108997154,199
638,American,American,2.147861253818758,2.133808650369909,204
639,American,American,2.3960597663899246,1.6913512621205729,175
640,American,Chinese,2.0244121068895558,1.8078699902102153,210
641,American,American,2.4328416284815506,2.431231288838322,238
642,American,Chinese,2.369107079299707,1.8260289636779288,176
643,American,American,1.9949821785857837,2.38391010967691,183
644,American,American,2.3499739735519416,2.455458986626326,192
645,American,American,2.0152634711246558,2.19322837714505,196
646,American,Italian,2.2693332742262102,2.1480211025506972,180
647,American,American,2.341576163216302,2.216891997962021,178
648,American,American,2.6771865855233226,2.2116780300557966,197
649,American,American,1.8401387866712604,2.0713001960893087,233
650,American,American,2.3237412901369647,2.053814766465562,177
651,American,American,2.1852113114042746,2.3112204780374315,196
652,American,American,2.166386720979316,2.376977023764184,185
653,American,American,2.0881764952223523,2.199901239103273,164
654,American,American,2.517984955126076,1.9388501517335102,200
655,American,American,2.581923143207116,1.9136216286335237,194
656,American,Korean,2.3832082974175264,2.2507825266701897,201
657,American,American,2.2569650756467565,1.9267204788571712,204
658,American,American,2.5724023559878004,2.1618701130084803,181
659,American,American,2.35210644239261,2.3695697764866894,197
660,American,American,2.2600784275097894,2.5257686332182407,176
661,American,American,2.3123183417653665,2.0887325494068816,182
662,American,American,2.3076593989924667,2.169531500359421,190
663,American,American,1.9476786721678594,1.9491220194769872,199
664,American,American,2.5036113337090606,2.444837705764679,191
665,American,American,2.3561669652555026,2.0163000502484176,190
666,American,Spanish,2.2762993849746382,2.1625377920506565,190
667,American,French,2.467960651968717,2.5360190969150516,225
668,American,American,2.470464270494847,1.9480738663138544,195
669,American,Italian,2.183489529762926,2.2849047439554626,156
670,American,American,1.4323974102523858,7.976571632598948,228
671,American,Italian,0.9990891493355409,7.682404614620537,276
672,American,American,1.4755416031441126,7.773209733283139,244
673,American,American,1.3792600123208245,7.876924924819974,237
674,American,American,1.2372771864554584,8.425772617265565,310
675,American,Italian,1.267854991885161,8.098891707769704,249
676,American,Italian,1.3035250406475167,8.108410517077063,241
677,American,Italian,1.2593483523555569,7.798803073301295,185
678,American,Chinese,1.184134218179265,7.766423608812383,240
679,American,American,1.257724386438465,7.898488964247268,240
680,American,American,1.2308661724282752,7.68522649567737,236
681,American,American,1.375422141724785,7.887464813843551,254
682,American,American,1.239346862630181,8.262028223083961,232
683,American,American,1.452718170176324,7.898083845103761,231
684,American,French,1.3534529821072736,8.091791716441886,206
685,American,American,1.1180687210283464,8.093786282656767,210
686,American,American,1.3840976237445892,7.9102350804412955,249
687,American,Korean,1.3422852274678143,8.121525902835211,230
688,American,Spanish,1.4603414307330689,8.089171018027864,242
689,American,American,1.5911587575557213,7.809808917980102,242
690,American,Thai,0.9795334507219338,7.9777919640007235,200
691,American,Chinese,1.5553252170787684,7.820595516408542,239
692,American,Spanish,1.0869547430987454,8.082251543569178,227
693,American,American,1.5624117450682617,7.6734163276162,249
694,American,Italian,1.5476830339759653,8.055695362603661,272
695,American,French,1.0168445418885672,8.018332529556394,231
696,American,Spanish,1.2873358005266387,8.230985009905169,218
697,American,American,1.7545248540433795,7.8826078234537755,245
698,American,French,1.0615047809277813,7.744524395612626,313
699,American,American,1.4804163828661738,7.801319851526217,249
700,American,Italian,1.638327691706472,8.19576737800317,229
701,American,American,1.4310703261035822,7.814884063241211,214
702,American,American,1.1396851538213653,8.244615079724435,231
703,American,American,1.5310808633207902,7.971188409170814,250
704,American,Thai,1.0714898130805892,7.866379967953808,214
705,American,Thai,1.600520521765632,8.343104769992461,234
706,American,American,1.1660696308047365,7.752912465856183,222
707,American,Korean,1.5424777188743954,7.914701107103396,355
708,American,American,1.2266389192876952,7.892876510624778,237
709,American,American,1.162770140675814,8.135952817888352,222
710,American,American,1.132125652798009,8.0275809964024,240
711,American,American,1.3644754291759682,7.795082803037696,225
712,American,Japanese,1.3862736496740642,8.060176722960994,215
713,American,American,1.5815141603814216,8.056773256608546,239
714,American,American,0.9521469260069472,7.8557523169984025,209
715,American,Chinese,1.2200176457166243,7.7234183939838115,244
716,American,American,1.1413645960469951,8.030207668196972,229
717,American,Italian,1.5807724089065875,7.77360628846484,220
718,American,American,1.1415181685699025,7.699228191169217,235
719,American,American,1.6366137044753708,7.722911336635804,242
720,American,American,1.657564170229905,7.905621752590442,223
721,American,Spanish,1.5906751394159575,7.819119840076323,257
722,American,American,1.2534644819585585,7.976967217370172,269
723,American,American,1.2239888773776466,7.886284571349788,232
724,American,American,1.4763515614610199,7.913892419195706,233
725,American,Italian,1.3266408502126499,8.112470544963797,228
726,American,American,1.3192274104218444,8.241741621173965,239
727,American,Thai,1.1143353165558039,8.330258722055843,266
728,American,American,1.1463875353767663,7.852060191048086,222
729,American,Japanese,1.396441972901316,7.492016640682336,300
730,American,American,1.6291434510906089,8.099566368271834,216
731,American,Italian,1.155388465274826,8.30764110589795,224
732,American,American,1.3972735371349638,8.24929161361997,231
733,American,Italian,1.1220169846926296,8.419319657903822,263
734,American,American,1.3638498743327645,8.00847820948339,226
735,American,Italian,1.1662872164736482,8.219118379354814,248
736,American,Chinese,0.9897400396877281,7.9606514982904555,204
737,American,Italian,1.301315607145509,7.738784962891037,245
738,American,Italian,1.551008650881947,7.954259409338284,237
739,American,Italian,1.213745526410906,7.9537403458610045,225
740,American,French,1.5918087580603484,8.34724254520167,238
741,American,American,1.0176837502680995,7.50061973770624,260
742,American,American,1.4124437849772449,7.49149393052016,312
743,American,Italian,1.245083226759179,8.015674530549914,220
744,American,American,1.610548804345019,8.006049290577906,259
745,American,Thai,1.1408298846360663,7.668071811205657,235
746,American,American,1.105402596086821,7.568769923240577,227
747,American,Thai,0.9863650573569958,7.944236796485332,227
748,American,American,1.2097128951652685,8.396323398523469,251
749,American,American,1.4765018602061266,7.861684834142209,230
750,American,American,1.481783143351721,7.738795386867587,232
751,American,American,0.9903541248582743,7.723220990114832,213
752,American,American,1.7116698103536523,8.131419990571,228
753,American,Korean,1.7966813172873226,8.191166015961079,271
754,American,Italian,1.1250147839361526,7.91107851621889,252
755,American,American,1.437537234721058,7.576060442852246,334
756,American,Italian,1.435412218458161,7.439536261037834,287
757,American,American,1.1974903250611748,8.027401258843867,236
758,American,American,0.7989263481536164,7.817274447708886,227
759,American,American,0.9833720784927336,7.698766424879413,227
760,American,American,0.9678373850255786,8.115623515573096,209
761,American,American,1.4929066523374328,7.975906784515482,250
762,American,Spanish,1.5100228221855851,7.884521455575676,238
763,American,American,1.4305905920708526,8.125188150638959,238
764,American,American,1.4578540471793913,8.13037476557833,258
765,American,Japanese,1.4911951876358627,7.992785275498311,237
766,American,American,1.2226885552003028,7.997707707549896,214
767,American,Spanish,1.1781933745059565,8.17337628426143,242
768,American,American,1.3441847472784103,8.06140360740611,213
769,American,American,1.0507545017633082,7.955773426309577,227
770,American,Italian,1.585075338392471,7.7283586213579785,229
771,American,American,1.2862527216329767,7.763460559045255,253
772,American,Italian,1.1057498960462082,8.053050951988197,232
773,American,American,1.2066662934240715,8.16673004469868,211
774,American,Spanish,1.34993298473054,8.183378554134364,276
775,American,American,1.303857316176165,8.277289662982831,225
776,American,American,1.357532305300116,7.97390398413809,214
777,American,American,1.253660866014919,7.869219372164355,224
778,American,American,1.3342409814129974,8.197996991772586,248
779,American,Spanish,1.3333865008340515,7.74260065400374,220
780,American,American,1.4771576509644495,7.449253709590129,290
781,American,American,1.467212592360116,7.798295271243791,243
782,American,American,1.310324509566103,7.932686093145354,231
783,American,Italian,1.3183955855459697,7.928356785464879,271
784,American,American,1.2760942762673106,7.961715301618348,266
785,American,Korean,1.1916933733292552,8.265594214936804,229
786,American,American,1.30170932329777,7.912451903007376,236
787,American,American,1.0691822335231436,7.938176231793702,203
788,American,Japanese,1.4647478053374912,7.709626143763866,239
789,American,American,1.382690720822842,8.154050691549042,257
790,American,American,1.3192742262242894,8.09505632017516,233
791,American,American,1.1248390700881614,8.313674399104412,210
792,American,French,1.417731005937489,8.138977690778871,245
793,American,Japanese,1.3013820561318883,7.917307436816847,218
794,American,American,0.8317789819012917,8.188292019110255,240
795,American,American,1.2486809303846162,7.788914512874002,221
796,American,American,1.2979270744386349,7.753142500477529,222
797,American,American,0.9715196612634869,7.650389162188781,231
798,American,American,1.3815400337073447,7.512531646905667,287
799,American,Japanese,1.6368894272606949,8.273690538972975,279
800,American,American,1.0289656351056828,7.703711402279486,283
801,American,American,0.7797102213425662,8.001411262394967,261
802,American,American,1.2022813312962646,8.027084408841267,206
803,American,American,1.690633033510435,7.979038113621536,400
804,American,American,1.4412257670461361,7.931976064923297,233
805,American,American,1.2058307837709388,8.134983258941999,227
806,American,American,1.9535686773677772,8.042569930627987,272
807,American,American,1.6375409470914426,8.46438566531047,287
808,American,American,1.14665327941213,7.828149871221553,248
809,American,American,1.2261322691356387,8.01365487761157,242
810,American,American,1.5146574990670518,8.024017749569023,254
811,American,American,1.3529204290592924,7.810929937467235,239
812,American,American,1.6304982336530827,7.638476784330294,261
813,American,Thai,1.5211807167398144,8.063188310403367,232
814,American,American,1.250864212565066,7.937500973514841,236
815,American,American,1.5407310608230618,7.909129014291303,347
816,American,American,1.0379110112291141,7.882544735818815,219
817,American,American,1.266289589504792,7.9922394908506895,273
818,American,American,1.0755103306285403,8.273625890355763,209
819,American,American,1.4221645804480803,7.9497107672903695,263
820,American,American,1.606568019535004,7.876539100898573,256
821,American,American,0.8654130547520298,8.153548674374454,223
822,American,Italian,1.2678742893966064,8.401291411240608,282
823,American,American,1.2413276691689334,8.287879712494242,266
824,American,American,1.341950990459271,7.929633199865884,223
825,American,American,1.5364196100250291,7.620085885201449,274
826,American,American,1.2775021103235276,7.932207353290161,232
827,American,American,1.3451462300561885,8.102343084702163,226
828,American,Italian,1.3522418519038126,7.908786995663921,220
829,American,American,1.4769210450347037,8.217182354181876,303
830,American,American,1.2475923750317524,7.996519135628303,233
831,American,Italian,1.3897901888946014,7.867292410467014,259
832,American,American,1.4246703600713304,7.813354618758846,247
833,American,American,1.201133417867756,8.27909076943733,241
834,American,American,1.203242779649522,7.8988756806631315,206
835,American,American,1.2155713847990817,7.669098592238216,234
836,American,American,1.2847224718725738,8.025814986090586,234
837,American,American,1.118616429774224,7.966106210091058,233
838,American,American,1.4708697135241737,7.822755912883942,231
839,American,American,1.0847134093273292,8.386318356315174,240
840,American,American,1.5172530788303944,7.974549247044757,238
841,American,American,1.166159783404411,8.021601067075009,206
842,American,American,1.2197491432814345,8.12761768690668,206
843,American,Italian,1.342625169949799,8.083438452934544,241
844,American,American,1.14397034800552,8.248657533012688,220
845,American,American,1.3932198645079696,7.802540382984232,234
846,American,Thai,1.3113844406060413,7.635520441424553,241
847,American,American,1.1813026163295164,8.1715879295157,240
848,American,Spanish,1.421378210635995,8.30789667400872,244
849,American,American,1.1629074621182565,7.997592348450363,228
850,American,Italian,1.2116748288205614,7.809629837792971,262
851,American,American,1.395268044730471,8.123916366816937,239
852,American,Italian,1.1593692770350126,7.810333871273149,255
853,American,American,0.9373730407223456,7.824160844834027,218
854,American,American,1.0931979911846665,8.009376700125392,227
855,American,American,1.475983534704697,7.704944224572391,231
856,American,Thai,1.1704046420203902,7.908628945250453,216
857,American,American,1.363590506935208,8.067093754343134,237
858,American,American,1.3767136549357297,8.107969858003411,211
859,American,Spanish,1.1578928514317106,7.950388019731701,209
860,American,American,1.1878815975555976,7.954895292319975,229
861,American,American,1.7508962923432012,7.67613837263875,281
862,American,Spanish,1.523676094752924,7.736755713082537,233
863,American,American,1.5626857008738755,7.935819984390885,231
864,American,Italian,1.2426670715056103,8.12968260006871,242
865,American,American,1.242034598507413,7.613222479383672,240
866,American,American,1.168307067782664,8.205943811551633,232
867,American,Chinese,1.6605869999482692,8.149086160646466,218
868,American,American,1.4111653185245348,8.136607199720427,253
869,American,American,1.278996574655453,7.556989899429443,249
870,American,French,1.267221725422339,8.428540016566377,343
871,American,American,1.765014406268875,8.147499163819274,237
872,American,American,1.1866604394639466,7.823672039740402,232
873,American,American,1.6446457606106617,7.871591878526486,267
874,American,Spanish,1.4804783699289967,8.408406872126346,249
875,American,American,1.4175935176867345,7.937844076772131,222
876,American,Korean,1.5410931652739197,7.953429469253452,227
877,American,American,1.046536831054531,7.773742261040521,308
878,American,American,0.9245072090631643,8.028773003853264,253
879,American,American,1.3659528847802023,7.8316513269253365,248
880,American,American,1.3501121217578829,7.927983410380617,234
881,American,American,0.9280471034829867,8.059567441422681,233
882,American,Chinese,1.2575103147587234,8.255915644389475,238
883,American,American,1.2189621148699141,8.070888611506918,211
884,American,Chinese,1.3336965175568312,8.168428836170285,228
885,American,American,1.2883998501813012,8.032857641722584,208
886,American,Italian,1.2066431526624941,7.9988943739223375,217
887,American,French,1.2331416895339165,7.7108417107911835,238
888,American,American,1.138931278581744,7.936911956926727,208
889,American,Korean,1.1404191474529992,7.636361204491995,255
890,American,American,1.3692261015347118,8.065303228412906,221
891,American,Italian,1.5335816693386204,8.027684051818612,255
892,American,Korean,1.3128336874890358,7.9101628653495055,206
893,American,American,1.00362475953093,8.315973872401516,246
894,American,American,1.2415635035426411,8.12899762879899,250
895,American,American,1.406463635916144,7.974849039535945,218
896,American,Thai,1.258655236806986,7.81472716168507,217
897,American,Thai,1.2733342482881724,8.122222071341735,229
898,American,Spanish,1.2689854237818834,7.808647849682658,238
899,American,American,1.321600886147906,7.975244500104876,221
900,American,American,1.0518668379141638,8.190817285748347,235
901,American,American,0.9363776929521777,8.088450661854619,238
902,American,American,1.601152303951992,8.08418191013484,220
903,American,American,1.163076790759583,7.783608983157556,216
904,American,American,1.0489911216029482,7.887555861727045,237
905,American,American,1.18655327031943,8.104703992630975,232
906,American,Italian,1.0369692427414523,7.6385407911448935,288
907,American,Italian,1.358489975369808,8.25890701514875,264
908,American,American,1.1749679764846674,7.916277774813677,202
909,American,American,1.570857473145514,8.053350531353656,225
910,American,Korean,1.4298493072117884,8.287347625636531,244
911,American,American,1.2687511553204067,7.908796449202717,224
912,American,American,1.1633848614522653,7.967399877711761,241
913,American,Italian,1.4464362159099995,7.9338111965167455,251
914,American,Japanese,1.1728342755452033,7.706246437800092,244
915,American,Spanish,1.2763912680333354,7.778033590488819,251
916,American,Italian,1.1481826520675473,8.078537195691936,213
917,American,French,1.768286879834085,7.735796665825815,267
918,American,American,1.2407232968105042,8.093370099825318,240
919,American,American,1.2650341162297347,7.70983510357271,233
920,European,Spanish,3.7985102786770972,12.432429989998903,380
921,European,Spanish,3.1003741226987467,12.000817844535232,415
922,European,Italian,3.7419577288397936,12.091582908998403,374
923,European,American,4.011079630562066,12.956215431308923,352
924,European,Italian,3.928533896371832,13.785781345820823,586
925,European,Italian,4.184455648623833,12.872952342107563,368
926,European,American,4.101539262951963,12.382263273654216,404
927,European,French,4.326988265232985,11.79246387402848,394
928,European,Italian,4.1072534645958925,13.009082239405886,420
929,European,Italian,5.028111718382127,13.061048521713678,599
930,European,Italian,3.462109838594677,14.003499836770388,954
931,European,Korean,4.9953151704467835,13.386271767762404,600
932,European,Italian,4.450002207666618,12.806818812876408,436
933,European,French,4.773661640557057,12.638479075629462,469
934,European,American,4.7986010709101095,11.368559976845196,647
935,European,French,4.1003128662090855,13.09471997285398,376
936,European,French,4.760741181739632,11.902940501627645,495
937,European,American,3.773440147152079,13.456374743176735,563
938,European,American,3.7624107298323115,11.901824648626333,367
939,European,Korean,4.686026832417319,12.68634715625433,429
940,European,Chinese,4.051442851887119,12.436640441356571,355
941,European,Korean,4.31490167879842,12.751531721345275,399
942,European,Spanish,4.757325940675284,12.492123292603713,422
943,European,Japanese,5.157510594501702,10.984176040228244,595
944,European,Italian,4.807379714678105,12.745309901278915,582
945,European,Spanish,5.52829998212464,14.106978957469808,665
946,European,American,4.358998321443803,12.969475446107808,392
947,European,Italian,4.6407934880108135,11.577580552632094,483
948,European,Italian,4.34508081825249,13.124967440542456,419
949,European,French,3.932034445586707,12.016378981620699,373
950,European,Italian,4.749342585899348,12.423100324371388,448
951,European,Italian,3.4564208966779297,12.845664161985736,383
952,European,French,3.8308017596733235,12.232971031132147,416
953,European,French,5.027103168533178,12.798374188228694,621
954,European,Thai,5.212367841781957,12.735433837060699,615
955,European,Spanish,4.526393695399903,12.977374878597358,439
956,European,French,5.220242312200883,12.30795820396177,586
957,European,French,3.8109288411967035,13.1133307604896,385
958,European,Spanish,5.009013758145807,13.535877724152384,625
959,European,Thai,4.281564804676583,13.53338994948232,460
960,European,Spanish,3.9067998572025364,11.892815886689846,393
961,European,Italian,4.3644346733407815,13.043225231151858,368
962,European,Spanish,3.392337985720216,12.559357332249723,396
963,European,Spanish,4.835283872468151,13.123685534400252,472
964,European,Thai,3.7381925253309727,13.057164461773443,363
965,European,American,4.160457815418349,12.441070117870105,348
966,European,French,4.823492257393013,12.623232229018392,457
967,European,French,3.6675994853212606,11.401105449025716,377
968,European,French,2.8910328508795997,13.079787437759826,467
969,European,French,4.080012645340128,13.04718808588748,386
970,European,Italian,3.878852722723889,11.573216427186404,428
971,European,Italian,3.6719609510445634,11.156117443269727,361
972,European,Italian,4.3466154825037195,12.946231231725822,361
973,European,Spanish,5.031999014466227,13.085405245031302,545
974,European,Thai,4.69375485642746,13.11130111642681,539
975,European,Thai,4.140988413303512,12.507645456198395,404
976,European,American,3.8205668414285263,11.81696609351418,451
977,European,Italian,4.480510964532394,12.871906435109034,483
978,European,French,4.341290040775999,13.700889879142432,476
979,European,Spanish,4.622564925932815,11.853401232912617,429
980,European,Korean,4.865453846560196,14.373331398114674,515
981,European,Spanish,3.8665753094751265,12.56705982152177,349
982,European,French,3.696144543823429,12.360433749883727,430
983,European,Korean,4.501914954626713,12.194920536302005,412
984,European,Italian,3.8492167452700534,11.30869068227122,372
985,European,American,5.000362900217201,12.87522664799901,664
986,European,Spanish,5.590867418156371,13.040290532258853,702
987,European,Spanish,5.488209307097997,12.249532302635544,629
988,European,French,4.985732652766141,13.555452087651224,709
989,European,French,3.5542177282340566,13.0007015198327,426
990,European,Korean,3.728993449327862,12.21729380319318,431
991,European,French,3.833926849384057,12.976943901064411,366
992,European,Italian,3.7017428156722114,12.667632169351146,364
993,European,Chinese,4.433562803759293,12.989209230668356,405
994,European,Italian,4.461550785045773,12.277845739098016,401
995,European,Thai,5.758433516412147,12.788945004980588,961
996,European,Italian,3.6408900560283897,13.342940256678135,443
997,European,Spanish,2.8771151848073107,12.01531237601025,426
998,European,Italian,4.271551463201474,12.16358492340646,383
999,European,Italian,4.502256315368753,12.764134459835347,449
1000,European,French,3.825429722399754,12.877344560288389,351
1001,European,Japanese,4.536677501740918,12.805244857688608,479
1002,European,Spanish,4.716973671248973,12.77599558272832,501
1003,European,Italian,5.090100330276743,11.67931424645249,651
1004,European,Korean,4.501319731804312,11.893873854870915,449
1005,European,Chinese,4.004308165631403,12.505818832678772,336
1006,European,Italian,4.201758883755952,11.803485747227404,399
1007,European,Spanish,4.071426922159098,12.784167309254409,375
1008,European,American,4.830682000423594,12.859663331334026,631
1009,European,Spanish,4.4212209811061,12.138535905466668,434
1010,European,Spanish,4.316726190655709,11.88355447796611,418
1011,European,French,3.631895422891946,12.396371710946791,413
1012,European,French,3.9839486019177204,13.179341073728976,409
1013,European,Spanish,5.868757497777652,12.297018559583037,951
1014,European,Spanish,4.462513262411602,13.226313431552333,449
1015,European,Japanese,4.988155114270328,13.42943336662904,636
1016,European,American,4.461412330210017,12.310475261514007,454
1017,European,Chinese,4.549189427645703,13.737536161882534,497
1018,European,Japanese,3.8849588295312194,12.655598205125813,329
1019,European,Italian,3.9922380426878674,10.992220345725595,396
1020,European,French,3.991305051512293,11.871641247963495,366
1021,European,Spanish,3.673044955635647,12.36120577338701,363
1022,European,Chinese,3.48658857333241,12.769684553760799,335
1023,European,Spanish,4.437107450491535,12.13765370513728,413
1024,European,Chinese,3.6015009048115307,13.163688234001095,468
1025,European,French,4.331970048883337,12.563678694848312,416
1026,European,Spanish,4.021824861612686,13.148027771164534,412
1027,European,Italian,9.511470855668325,1.184468826474655,341
1028,European,American,8.872921497266258,0.9257625118081863,304
1029,European,Italian,9.836109386912614,1.4852918231392815,258
1030,European,Spanish,8.33641114431281,0.7746914883730915,157
1031,European,Spanish,8.494546462968454,1.8377539025961096,240
1032,European,Italian,8.735363596867288,1.5467823166795212,214
1033,European,Italian,7.959098201807345,1.466972466851053,187
1034,European,Chinese,8.365947519953554,1.994848871862279,238
1035,European,French,8.66168269979496,1.5097231750496674,224
1036,European,French,9.131939401549324,1.4186654475399274,225
1037,European,French,8.269252167112086,-0.08731025515630408,132
1038,European,Korean,8.682169007105674,0.4785865844113044,158
1039,European,Spanish,8.041034301490502,0.3283536369528224,138
1040,European,American,8.039721849979212,1.4513652569125282,196
1041,European,Spanish,8.057730901533,1.1895621694702894,233
1042,European,American,8.482449649264812,1.7052419741130544,219
1043,European,Spanish,10.034383292088359,2.09891553520239,292
1044,European,Italian,7.715744478795197,0.8395882120526763,209
1045,European,Japanese,8.335783488353076,1.4054140352845437,230
1046,European,Korean,7.423214019045446,-0.5322111964289558,109
1047,European,Spanish,8.477933038253607,1.0242582563818017,166
1048,European,Italian,7.61213130513347,1.9364178793013895,254
1049,European,Italian,7.8430237516754735,0.43953681799889244,176
1050,European,Italian,8.176240114170929,0.42744307404992254,172
1051,European,Spanish,9.184123045870942,2.938774980762183,457
1052,European,French,8.740830668727366,0.6863690480732626,166
1053,European,Italian,7.491127100739064,1.488072706609504,251
1054,European,Thai,8.78238455211159,0.4269910390673345,187
1055,European,American,8.096629300653849,1.7046682613603232,262
1056,European,Spanish,8.087725807263126,2.9262944422904695,419
1057,European,Spanish,8.620732642308147,0.372466728999283,161
1058,European,Italian,9.866181422667633,1.4816184369560335,282
1059,European,Spanish,8.999072352595954,3.075093781159416,431
1060,European,French,9.334864942066323,1.931671605449286,319
1061,European,Korean,6.631262461768195,1.6026581068468595,315
1062,European,French,8.684185649116367,2.2670811064434404,345
1063,European,Spanish,7.972483020998948,1.0766513998612954,185
1064,European,French,7.292356880520132,-0.4867850544051344,115
1065,European,American,8.365888846372389,2.376220168241812,292
1066,European,American,8.686205182440936,0.8410611737694671,254
1067,European,Chinese,8.358157455292837,1.6267721829837267,231
1068,European,Italian,7.203809141692598,2.4848362302138662,372
1069,European,French,6.4854667489474735,2.761430637270932,786
1070,European,Korean,8.67084757346417,1.1466409206501917,185
1071,European,Italian,8.112330397029458,0.5472441982031152,206
1072,European,American,7.963291605639335,1.150447230381961,286
1073,European,Japanese,6.47775327635412,1.5969661535578237,397
1074,European,French,7.403430069360588,0.8082846737724426,258
1075,European,Italian,8.17409250212724,0.7160576486124468,164
1076,European,French,7.748777887770916,0.10489308066224545,135
1077,European,Spanish,8.865439618673836,0.494758101534006,181
1078,European,Spanish,8.733738589285052,1.5432252346866966,185
1079,European,French,8.734641206926236,1.2561341384105278,167
1080,European,Italian,7.546985458808855,1.8902693459284472,225
1081,European,Japanese,8.68418241571533,-0.5710953004565804,96
1082,European,Japanese,8.694203762575865,1.4983810910081878,215
1083,European,Thai,8.848452112540874,1.5610392005098404,184
1084,European,American,9.2225234609673,2.4716141815699273,343
1085,European,Chinese,8.332333737842681,2.2963504857463635,306
1086,European,Spanish,8.894500760246668,1.3709118345277251,177
1087,European,Italian,8.39192366677206,1.5313597366996565,210
1088,European,French,8.673526829636947,0.6746722779990941,196
1089,European,French,7.203047020639974,1.034391696771318,264
1090,European,Japanese,9.411180903467478,2.044094128314285,590
1091,European,Spanish,7.8068232356006995,1.441189918148128,223
1092,European,Japanese,8.521052478601419,1.0651021248976693,187
1093,European,French,7.580745293820173,1.3656999270275096,227
1094,European,American,8.47089243268092,2.6000563875064886,369
1095,European,Italian,8.791693388870488,2.200496872333109,302
1096,European,Italian,8.506120803537572,0.8834305000716542,195
1097,European,French,7.367265208688559,0.42010701477251844,262
1098,European,Italian,9.345926514349346,-0.2164209042693832,150
1099,European,Thai,7.922424474765178,0.7746484332077819,422
1100,European,Japanese,7.680554551066346,1.3862634115124268,220
1101,European,French,8.321467822861496,0.4121261903491712,155
1102,European,Italian,8.27204850996533,1.7809499199833048,314
1103,European,American,8.449222693188219,1.820032699847757,253
1104,European,French,9.121385501694206,1.9590115281275131,270
1105,European,Thai,8.377107466388036,1.467946363170911,210
1106,European,French,9.014866801366177,1.3322648775859267,191
1107,European,Japanese,9.084925495499983,1.205916644233014,183
1108,European,American,6.906476095982467,1.046099009337038,294
1109,European,French,8.722104461639006,2.263573715591089,354
1110,European,French,8.899089509388197,1.360316878495245,172
1111,European,American,9.154552850383142,1.7073095476284457,232
1112,European,American,8.237686809254814,1.8894921972511003,216
1113,European,Italian,9.391168710414075,2.3345561046915417,301
1114,European,Japanese,7.104086327889875,1.860126805210587,315
1115,European,Spanish,8.299666039825633,1.4501826590522477,216
1116,European,American,7.825349644601976,1.8716756962716774,238
1117,European,Chinese,8.873226337167566,1.3439523033709047,188
1118,European,Italian,7.508203095961218,-0.07714843185411246,164
1119,European,French,8.38907243313807,1.0799109560991602,197
1120,European,Japanese,6.908375465498953,2.1410468119910977,378
1121,European,French,8.31899190766791,1.8412807653044232,229
1122,European,Italian,7.028376546888611,1.8335724424959776,306
1123,European,American,8.14974309355033,1.402372498961876,306
1124,European,Spanish,7.930005686548002,1.718271989579478,230
1125,European,Korean,8.150098245765875,0.8907496978405666,177
1126,European,French,8.77941224087443,1.461521430459956,193
1127,European,American,7.6460177439183274,0.7502342131978155,217
1128,European,Spanish,7.13637723128256,1.7625196985548595,279
1129,European,French,8.811985497197597,2.2589516783024015,359
1130,European,French,7.6888736561656525,1.285522935980962,212
1131,European,French,7.945252211881278,0.9280221733914469,280
1132,European,French,8.137884390882144,0.8810335534534304,167
1133,European,French,7.2808806669500825,1.4568036481360154,260
1134,European,Spanish,9.378350377295197,0.6451018637700967,209
1135,European,Spanish,7.5824132829254784,1.6894063509939365,273
1136,European,Italian,9.492752106016844,3.1882076595840614,451
1137,European,Thai,7.532265643663115,0.44185230399141695,246
1138,European,Spanish,8.82855285656319,1.2618988299182325,207
1139,European,Italian,7.1886401053209426,1.2336190117472792,264
1140,European,American,6.104189724412287,0.6573986146312921,520
1141,European,Spanish,7.328745104854981,0.7409159932334306,281
1142,European,American,8.464621962672469,1.0981119229053768,164
1143,European,Spanish,7.446829915641853,1.9397868810617585,294
1144,European,Chinese,7.489252579820351,1.5181551132843882,282
1145,European,American,8.487269390176236,-0.3564400923163218,112
1146,European,Spanish,8.071006057217915,1.8457970631091398,271
1147,European,French,8.859631424750674,1.52878192677427,205
1148,European,Italian,8.68438772635488,1.2888339832376452,163
1149,European,French,8.197975695441793,1.3122239863759055,264
1150,European,Italian,10.493321588154199,0.8576621511287505,113
1151,European,American,7.8597128685521245,0.6488623208780177,203
1152,European,Italian,7.721018572609051,1.4235406344135833,250
1153,European,French,9.075436643731946,2.284967188533321,311
1154,European,American,7.239018652814935,0.37854493933314937,280
1155,European,Thai,10.878050334388014,1.128310171851586,116
1156,European,French,7.877384206789731,0.7901835669985499,200
1157,European,French,8.305055485258947,0.3529834400959544,155
1158,European,American,8.03136165482694,2.4951717110916913,427
1159,European,Spanish,8.737619222621031,0.6994130464954911,187
1160,European,French,9.117309128104468,1.5572196042179935,202
1161,European,Spanish,10.58631212885842,1.1918948170125134,134
1162,European,American,8.89903457179506,1.0304933047018214,181
1163,European,French,8.705395964515745,2.2348198103855563,353
1164,European,American,7.196622419808643,1.3704040546752105,278
1165,European,American,7.422587121521407,2.1822107397711474,282
1166,European,Spanish,9.028564778557577,1.8155193603502389,207
1167,European,Spanish,8.152973180470081,1.1108674490321002,278
1168,European,Italian,8.779005800723883,1.1076797181234146,355
1169,European,American,7.6363315385698955,2.3897582015707934,308
1170,European,Chinese,8.241724321557236,0.741879363934121,140
1171,European,French,7.959756502752526,2.0369162933154636,231
1172,European,French,7.472619295275907,2.609701487417576,387
1173,European,French,8.470625834959124,1.2786212096096632,187
1174,European,American,8.246788901867093,0.6771000312348031,183
1175,European,Italian,7.820822787689499,1.5299278613413019,213
1176,European,Spanish,8.041803488297742,2.2304585026235855,293
1177,European,Korean,7.64901976410202,1.118378732197473,234
1178,European,French,7.086477099360535,1.3292421691147855,316
1179,European,Japanese,7.822955097914808,0.9698694984469926,207
1180,European,American,9.066909782848093,1.8519075690132887,253
1181,European,Italian,8.278806231686263,0.9623966263693486,169
1182,European,Italian,9.502799725885065,2.482552443173858,378
1183,European,French,8.196731157571465,1.8798237763929297,252
1184,European,French,8.067013388587968,2.6423311873664854,409
1185,European,American,7.521239887721427,1.8641874657782989,246
1186,European,Spanish,8.380046137948273,0.8091363324176581,212
1187,European,Chinese,8.568030458445245,1.511312290476347,205
1188,European,American,7.782010807452017,1.0567123646296552,199
1189,European,Spanish,8.977935686068601,2.648646775435177,307
1190,European,Spanish,8.615672608494378,0.4664245539346784,158
1191,European,Italian,8.484415186690784,2.642549020515145,429
1192,European,French,7.597618939871422,2.2569523175110486,289
1193,European,Italian,7.313875075143002,1.8465343784848063,243
1194,European,Chinese,8.894841800817812,1.3170303404734938,171
1195,European,American,8.561983556728846,1.1669499350702877,178
1196,European,Spanish,10.338199926211594,0.47433491150000884,100
1197,European,Spanish,7.882920588441558,1.1009357213870512,210
1198,European,American,7.719741522737974,2.0428129603605236,282
1199,European,French,9.291292725805576,0.8229974300002372,185
1200,European,Japanese,7.714246324606082,1.7288584711291342,224
1201,European,Japanese,8.376237908531662,0.9553430846964747,214
1202,European,Thai,8.5115734416391,2.379675508156229,361
1203,European,American,9.313145034222906,0.4413288343753028,232
1204,European,Korean,9.388973853235502,1.024795079577538,218
1205,European,French,5.869237688647238,1.2276209834497356,478
1206,European,French,8.973863664009702,3.0624292628025627,412
1207,European,Italian,7.275746773396637,0.7797047836488856,296
1208,European,Italian,8.902548513865726,1.0803149324132106,177
1209,European,Korean,7.836600802995568,1.2654391917201786,221
1210,European,American,9.022298765961887,1.4622094995470114,179
1211,European,Italian,9.804193917441255,1.0959132009055859,298
1212,European,Italian,8.92699202868044,1.025320639855816,204
1213,European,Italian,8.92366932428202,0.23279937405996365,221
1214,European,Spanish,7.494650423071129,2.0534951197529523,284
1215,European,Spanish,8.857841004521207,1.566556060410397,190
1216,European,Italian,9.661048638910302,2.1731108405199424,316
1217,European,French,8.188275863952645,1.8530869321383103,263
1218,European,Italian,7.29306486788408,1.5278298861569402,265
1219,European,Italian,7.250743716680789,1.9416529510422285,329
1220,European,French,8.308695900295444,1.4665399771631107,229
1221,European,French,10.378805911397198,0.8889814466351782,142
1222,European,Korean,7.8144967070433795,1.9571869999247369,245
1223,European,French,8.650418101862513,2.1263186593924024,363
1224,European,Korean,8.123453858643193,1.4988937930233703,239
1225,European,Spanish,9.114910520747898,1.0799156489339137,202
1226,European,Spanish,9.521514566679175,1.013889078051118,323
1227,European,Italian,7.505815593755206,2.9079061939443043,536
1228,European,American,7.18531984432841,1.3486998724522477,282
1229,European,French,8.531972974684763,3.533450967161624,789
1230,European,French,7.454043746596108,0.6603007554005841,219
1231,European,French,7.93827373068109,0.24485958543469155,145
1232,European,French,8.956643940045632,1.7848429641275987,213
1233,European,Thai,9.198302654555718,1.6113612024697759,227
1234,European,Spanish,9.011634364354059,1.9055277224638814,251
1235,European,Chinese,8.292180739514796,1.382784969393329,206
1236,European,Spanish,7.930509514586423,0.8958813877265976,206
1237,European,Italian,9.059801686703125,1.6149451869871174,198
1238,European,Spanish,7.72456984719949,-0.1539439748889333,156
1239,European,American,9.655233505640131,1.1969765656696079,219
1240,European,Spanish,9.072646065688536,1.0610790015443368,320
1241,European,Spanish,10.582926304855775,2.193285864819748,163
1242,European,Italian,7.255005067506821,-0.10159729459076572,143
1243,European,Chinese,7.300204486725143,1.5997183344707737,445
1244,European,American,8.60883727055397,1.0355155282295252,171
1245,European,Italian,8.895340809557108,0.6910874364551975,169
1246,European,Italian,6.901113392887675,0.8575281069858018,411
1247,European,French,9.413794933680446,1.2851537479842357,212
1248,European,French,7.871760204135601,0.7705016376509181,210
1249,European,Italian,7.308446298640515,0.6231092763564018,311
1250,European,Italian,8.866325943470022,0.1909100646083044,191
1251,European,American,8.177924052578408,1.1112505207324739,275
1252,European,Spanish,8.587460311274375,0.5605307230400526,168
1253,European,French,9.269533013000727,0.6720880738558164,245
1254,European,French,8.25161886608244,1.419808407760219,221
1255,European,Spanish,8.935415207421777,2.5043529178272457,308
1256,European,Spanish,8.130967417744534,1.9947473953093344,250
1257,European,Chinese,8.714530158969012,1.536601760401154,205
1258,European,French,8.07189554767276,2.2927680854909696,551
1259,European,Italian,8.584572638916729,2.369166004915182,394
1260,European,French,8.48720880560901,2.1535562446226053,259
